Ref,Val,Package,PosX,PosY,Rot,Side
"R10","10K","R_0603_1608Metric",-104.145000,-75.000000,0.000000,bottom
"U4","93AAxxAT","SOT-23-6",-108.150000,-70.900000,-90.000000,bottom
"U6","SD_SOCKET","105162-0001",-110.000000,-79.971715,180.000000,bottom
"Y1","12MHz","Resonator-3.2x1.3mm",-103.317501,-77.482500,0.000000,bottom
